ltable_id,rtable_id,label
A_141,B_2211,0
A_1074,B_1849,0
A_1367,B_1815,1
A_933,B_1153,0
A_2282,B_306,0
A_1471,B_1182,0
A_2129,B_583,0
A_634,B_485,1
A_1788,B_1035,0
A_1803,B_705,1
A_233,B_1557,1
A_593,B_991,0
A_968,B_526,0
A_1325,B_743,0
A_1879,B_445,0
A_725,B_1912,0
A_1010,B_120,0
A_325,B_1179,1
A_1723,B_1336,0
A_525,B_1675,0
A_106,B_785,1
A_1480,B_48,0
A_1968,B_688,0
A_1304,B_1182,0
A_2510,B_865,0
A_1617,B_739,0
A_1832,B_1772,0
A_1906,B_108,0
A_1872,B_1155,0
A_538,B_215,0
A_1285,B_1675,0
A_2224,B_986,0
A_1067,B_1643,0
A_1466,B_1444,1
A_333,B_62,0
A_658,B_636,1
A_1646,B_1463,0
A_78,B_1396,0
A_2559,B_1885,0
A_6,B_696,0
A_893,B_121,0
A_1089,B_1097,1
A_1213,B_1121,0
A_783,B_2261,0
A_542,B_1097,0
A_1133,B_2047,0
A_363,B_2279,0
A_395,B_2165,1
A_1950,B_810,0
A_1247,B_1100,0
A_301,B_1954,0
A_2181,B_2069,0
A_366,B_274,0
A_805,B_1675,0
A_757,B_849,1
A_1914,B_649,0
A_1365,B_1896,0
A_1641,B_1120,1
A_2520,B_1795,0
A_2008,B_2243,0
A_2504,B_7,0
A_2509,B_342,0
A_616,B_1402,0
A_1091,B_1542,0
A_1933,B_171,0
A_1788,B_78,0
A_2550,B_1178,0
A_1445,B_980,0
A_361,B_46,0
A_2232,B_1976,0
A_1843,B_106,0
A_611,B_2092,1
A_746,B_688,0
A_1064,B_441,0
A_2071,B_627,0
A_361,B_1645,0
A_1177,B_17,0
A_179,B_670,0
A_1753,B_103,0
A_1486,B_917,0
A_1920,B_644,0
A_1168,B_1273,0
A_77,B_463,0
A_1107,B_1535,0
A_690,B_171,0
A_1128,B_56,0
A_944,B_680,1
A_839,B_1459,0
A_2565,B_2039,0
A_122,B_1752,0
A_163,B_715,0
A_485,B_1052,0
A_2268,B_646,0
A_452,B_1873,0
A_1329,B_1675,0
A_1728,B_999,1
A_2295,B_1914,1
A_1542,B_591,0
A_478,B_2059,1
A_229,B_1676,0
A_482,B_109,0
A_1646,B_1885,0
A_2185,B_1511,0
A_2571,B_1472,0
A_757,B_67,0
A_1441,B_1618,0
A_1834,B_220,0
A_1390,B_1794,0
A_125,B_272,1
A_2209,B_1586,0
A_2288,B_1075,0
A_988,B_1863,0
A_2490,B_1033,1
A_135,B_305,0
A_1248,B_778,0
A_2091,B_1583,0
A_440,B_1902,0
A_2024,B_425,1
A_1218,B_2255,0
A_609,B_1472,0
A_26,B_1431,1
A_2183,B_1317,0
A_1452,B_619,0
A_716,B_2278,0
A_427,B_1649,0
A_252,B_1560,0
A_823,B_459,0
A_1724,B_1763,1
A_1540,B_2259,0
A_1505,B_88,0
A_2261,B_1145,0
A_1848,B_599,0
A_978,B_176,0
A_1891,B_942,0
A_2402,B_87,0
A_1181,B_2109,0
A_778,B_594,0
A_2561,B_1016,0
A_1217,B_368,0
A_2550,B_2184,0
A_992,B_940,0
A_827,B_1162,0
A_2315,B_998,0
A_2008,B_1630,0
A_1255,B_368,0
A_2114,B_1369,0
A_1531,B_817,0
A_690,B_1898,0
A_917,B_789,0
A_379,B_214,1
A_1580,B_1253,1
A_1829,B_577,1
A_2275,B_1522,0
A_2132,B_247,0
A_2208,B_1586,0
A_1304,B_1125,0
A_2176,B_490,1
A_661,B_1262,0
A_1138,B_1074,0
A_1646,B_1179,0
A_65,B_39,1
A_834,B_622,0
A_200,B_1348,0
A_1689,B_428,0
A_973,B_2261,0
A_78,B_1577,0
A_2553,B_1397,0
A_742,B_639,0
A_1201,B_1123,1
A_2224,B_268,0
A_2036,B_2175,0
A_838,B_1600,0
A_639,B_1205,0
A_856,B_855,1
A_1173,B_883,0
A_1786,B_100,1
A_1926,B_1084,0
A_102,B_2163,1
A_2452,B_1827,0
A_162,B_1675,0
A_778,B_688,0
A_661,B_473,0
A_1727,B_1666,0
A_1330,B_2117,1
A_2086,B_14,1
A_469,B_1521,0
A_2296,B_171,0
A_1172,B_321,0
A_287,B_1630,0
A_2183,B_225,0
A_1972,B_220,0
A_457,B_2179,0
A_2129,B_1614,0
A_1198,B_2093,0
A_392,B_1127,0
A_1655,B_1667,0
A_799,B_339,0
A_2462,B_811,0
A_1310,B_340,0
A_545,B_1458,0
A_341,B_1667,0
A_1107,B_755,0
A_1481,B_268,0
A_577,B_585,0
A_1450,B_903,0
A_1789,B_1306,0
A_2550,B_917,0
A_653,B_526,0
A_1914,B_527,0
A_144,B_37,0
A_1385,B_1823,0
A_1565,B_135,1
A_141,B_104,0
A_2062,B_535,0
A_1376,B_623,0
A_1649,B_494,0
A_15,B_1132,0
A_7,B_1915,0
A_1163,B_855,0
A_2378,B_1028,1
A_1550,B_2185,1
A_1380,B_512,0
A_927,B_268,0
A_2520,B_215,0
A_904,B_388,0
A_9,B_171,0
A_2215,B_701,1
A_597,B_1527,0
A_2272,B_1921,0
A_973,B_1534,0
A_1745,B_594,0
A_359,B_649,0
A_1361,B_1906,1
A_1595,B_644,0
A_1482,B_1478,0
A_1457,B_768,0
A_863,B_1571,0
A_2046,B_489,0
A_1381,B_330,0
A_2596,B_1691,0
A_2517,B_1674,1
A_1069,B_134,0
A_1985,B_1983,1
A_644,B_777,0
A_272,B_293,0
A_455,B_1150,0
A_2177,B_1817,1
A_823,B_1715,0
A_2450,B_943,0
A_2381,B_1676,0
A_387,B_564,1
A_335,B_942,0
A_1473,B_1291,0
A_1365,B_1614,0
A_2049,B_838,1
A_2175,B_356,0
A_1423,B_2023,0
A_1660,B_72,0
A_162,B_1622,0
A_2186,B_828,1
A_1042,B_1638,1
A_2383,B_1526,0
A_1879,B_2155,0
A_755,B_1463,0
A_2152,B_1166,1
A_1692,B_1596,1
A_1528,B_979,0
A_1706,B_753,0
A_863,B_1771,0
A_1291,B_316,0
A_2578,B_947,0
A_538,B_1108,0
A_1811,B_1121,0
A_2444,B_1052,0
A_542,B_1787,0
A_479,B_1208,0
A_1819,B_1834,0
A_1639,B_546,0
A_1152,B_1857,0
A_45,B_1674,0
A_682,B_1218,1
A_1887,B_1315,0
A_2558,B_755,0
A_491,B_295,0
A_2540,B_591,0
A_1340,B_1228,1
A_1086,B_534,0
A_745,B_1796,1
A_1304,B_848,0
A_1808,B_205,0
A_1615,B_142,0
A_2614,B_542,0
A_1524,B_343,0
A_444,B_1527,0
A_692,B_1915,0
A_2040,B_1976,0
A_740,B_2273,0
A_2424,B_616,0
A_311,B_542,0
A_1703,B_729,1
A_1517,B_1751,0
A_2561,B_879,0
A_974,B_395,1
A_706,B_528,0
A_233,B_385,0
A_1542,B_1998,0
A_2457,B_2058,0
A_1671,B_2152,0
A_2402,B_1898,0
A_2020,B_1379,1
A_1471,B_1983,0
A_695,B_1912,0
A_1632,B_1858,0
A_5,B_780,0
A_2551,B_921,0
A_2233,B_1306,0
A_660,B_2249,1
A_45,B_413,1
A_561,B_139,0
A_3,B_1205,0
A_975,B_1848,0
A_2407,B_113,0
A_2567,B_503,0
A_839,B_1114,0
A_2251,B_78,0
A_1248,B_1484,0
A_1772,B_1207,1
A_743,B_1588,0
A_1215,B_1828,0
A_1116,B_1976,0
A_171,B_1130,1
A_1163,B_1799,0
A_1784,B_1505,0
A_2404,B_1317,0
A_1686,B_2010,0
A_1142,B_1864,0
A_1949,B_205,0
A_1835,B_1979,0
A_1016,B_1254,0
A_1664,B_2201,0
A_1339,B_1413,0
A_2410,B_720,0
A_1991,B_2190,0
A_1857,B_2044,0
A_1741,B_1877,0
A_1237,B_947,0
A_1674,B_1531,0
A_542,B_1912,0
A_245,B_2019,0
A_3,B_2276,0
A_145,B_1150,0
A_876,B_1549,0
A_183,B_576,0
A_2113,B_391,1
A_1675,B_590,0
A_2075,B_1026,0
A_391,B_1472,0
A_314,B_162,0
A_561,B_1276,0
A_254,B_2169,0
A_356,B_1947,0
A_718,B_1186,0
A_1107,B_578,0
A_34,B_789,0
A_1111,B_614,1
A_863,B_680,0
A_1233,B_412,0
A_1690,B_1063,0
A_2162,B_1947,0
A_526,B_1957,0
A_2581,B_195,0
A_146,B_159,0
A_206,B_246,0
A_1924,B_1141,1
A_206,B_1665,0
A_923,B_821,1
A_2096,B_1448,0
A_351,B_312,0
A_515,B_1393,0
A_30,B_1048,0
A_1540,B_385,0
A_1173,B_1471,0
A_2414,B_1508,1
A_427,B_1909,0
A_907,B_546,0
A_829,B_881,0
A_2402,B_152,0
A_215,B_1777,1
A_2096,B_1472,1
A_2587,B_796,0
A_2354,B_813,0
A_289,B_1866,0
A_1852,B_1162,0
A_449,B_293,0
A_301,B_1797,0
A_1287,B_447,0
A_1752,B_956,0
A_945,B_451,0
A_87,B_2105,1
A_2364,B_1989,0
A_1655,B_1233,0
A_542,B_1915,0
A_2340,B_1068,1
A_1032,B_968,1
A_1279,B_1988,0
A_895,B_26,0
A_1751,B_804,0
A_1839,B_825,0
A_1149,B_1033,0
A_470,B_998,0
A_19,B_1409,0
A_2269,B_1365,1
A_446,B_545,1
A_1892,B_1870,0
A_595,B_1267,0
A_803,B_566,0
A_1915,B_1156,0
A_1944,B_204,0
A_565,B_1076,1
A_2524,B_388,0
A_892,B_2261,0
A_1664,B_207,0
A_1705,B_1272,0
A_2150,B_207,0
A_2096,B_246,0
A_2360,B_1886,0
A_210,B_912,0
A_1183,B_1057,0
A_563,B_1632,0
A_1839,B_2024,0
A_2108,B_949,0
A_1922,B_2172,1
A_304,B_927,1
A_857,B_1290,1
A_1496,B_1459,0
A_802,B_917,0
A_1968,B_1649,0
A_1664,B_2044,0
A_1355,B_1746,1
A_607,B_13,1
A_1312,B_1064,0
A_2342,B_1384,0
A_2363,B_1559,1
A_2209,B_2182,0
A_2547,B_507,0
A_291,B_2087,0
A_463,B_1367,0
A_692,B_1787,0
A_994,B_308,0
A_379,B_2024,0
A_1376,B_1888,0
A_1914,B_546,0
A_2178,B_372,1
A_838,B_1522,0
A_973,B_1122,0
A_428,B_1393,0
A_1333,B_354,0
A_1173,B_448,1
A_1985,B_1125,0
A_1361,B_1909,0
A_1530,B_279,0
A_1711,B_1319,0
A_899,B_1900,0
A_1759,B_2108,0
A_1704,B_836,0
A_471,B_343,0
A_2147,B_1929,0
A_639,B_591,0
A_2155,B_462,1
A_118,B_225,0
A_2381,B_212,1
A_2287,B_451,0
A_915,B_482,1
A_145,B_1827,0
A_1539,B_2193,1
A_1565,B_1520,0
A_1963,B_2191,0
A_256,B_222,0
A_860,B_47,0
A_1134,B_410,0
A_1819,B_581,0
A_1817,B_1053,0
A_162,B_1052,0
A_1159,B_48,0
A_1021,B_1244,0
A_2497,B_1463,0
A_2101,B_1205,0
A_1015,B_1601,1
A_269,B_1063,0
A_2138,B_677,0
A_353,B_1848,0
A_136,B_550,1
A_2402,B_2110,0
A_2084,B_1619,1
A_237,B_2215,0
A_1217,B_1,0
A_561,B_2247,0
A_576,B_1587,0
A_1468,B_196,0
A_2008,B_1521,0
A_1360,B_1787,0
A_1158,B_174,0
A_2013,B_1989,0
A_1174,B_759,0
A_485,B_1750,0
A_509,B_403,1
A_727,B_1786,0
A_208,B_1018,1
A_2308,B_1462,0
A_1300,B_1975,0
A_2273,B_1271,0
A_628,B_199,0
A_1318,B_1031,0
A_557,B_588,0
A_948,B_36,0
A_143,B_1512,0
A_2163,B_659,0
A_829,B_1001,1
A_468,B_1962,0
A_1180,B_2117,0
A_158,B_313,0
A_1468,B_817,0
A_2556,B_1657,1
A_1380,B_668,1
A_229,B_1535,0
A_786,B_1619,0
A_915,B_1773,0
A_838,B_1939,0
A_1729,B_1407,0
A_2190,B_868,1
A_575,B_547,0
A_1459,B_591,0
A_856,B_127,0
A_1365,B_1873,1
A_335,B_202,1
A_2108,B_176,0
A_1071,B_1891,0
A_644,B_1983,0
A_135,B_1259,0
A_1867,B_185,0
A_195,B_888,1
A_1798,B_2182,1
A_82,B_300,0
A_397,B_1963,0
A_1278,B_48,0
A_1503,B_1967,1
A_1177,B_1292,1
A_964,B_1440,0
A_36,B_1074,0
A_59,B_916,1
A_952,B_1044,0
A_1453,B_585,0
A_509,B_16,0
A_791,B_1226,0
A_1899,B_2202,1
A_82,B_202,0
A_635,B_1900,0
A_1593,B_2021,1
A_2391,B_649,0
A_400,B_283,0
A_648,B_1247,0
A_1745,B_48,0
A_647,B_1767,1
A_1437,B_721,0
A_1201,B_1667,0
A_6,B_1844,0
A_667,B_323,0
A_1395,B_1632,0
A_2348,B_1636,1
A_1868,B_1393,0
A_2488,B_62,0
A_1598,B_1079,0
A_1103,B_1829,0
A_31,B_862,0
A_1639,B_526,0
A_692,B_1035,0
A_1020,B_562,0
A_316,B_1650,0
A_2149,B_1640,0
A_2393,B_1690,1
A_1233,B_2040,0
A_1918,B_1709,0
A_1439,B_1992,0
A_1206,B_780,0
A_39,B_93,0
A_2025,B_2086,0
A_287,B_894,0
A_998,B_646,0
A_2254,B_1554,0
A_118,B_1236,0
A_703,B_1924,0
A_1646,B_2107,0
A_919,B_1825,0
A_291,B_1751,0
A_1496,B_1873,0
A_1011,B_1909,0
A_1805,B_676,0
A_2583,B_668,1
A_630,B_1217,0
A_1384,B_959,0
A_2207,B_846,0
A_1481,B_2110,0
A_2313,B_1068,0
A_2014,B_1673,0
A_183,B_1609,0
A_341,B_2269,0
A_542,B_1058,0
A_1428,B_1042,0
A_1662,B_4,0
A_2123,B_4,0
A_1799,B_2261,0
A_933,B_782,0
A_985,B_2171,0
A_639,B_1419,0
A_1617,B_452,0
A_1071,B_768,0
A_78,B_1667,0
A_1812,B_790,0
A_1369,B_599,0
A_1489,B_1640,0
A_1808,B_601,0
A_1578,B_2001,1
A_2246,B_1108,1
A_267,B_591,0
A_1471,B_894,0
A_356,B_10,0
A_835,B_1020,0
A_989,B_1809,1
A_316,B_2019,0
A_1533,B_1342,0
A_2384,B_2078,0
A_2369,B_949,0
A_1576,B_1884,0
A_131,B_650,0
A_57,B_1772,0
A_1753,B_220,0
A_2164,B_260,0
A_1346,B_1918,0
A_434,B_675,1
A_127,B_34,1
A_1370,B_535,0
A_1510,B_1443,0
A_1943,B_515,0
A_1831,B_1214,0
A_1821,B_1399,0
A_348,B_1274,0
A_1980,B_1751,0
A_2290,B_1772,0
A_359,B_226,0
A_50,B_1909,0
A_1489,B_1230,0
A_2211,B_342,0
A_2302,B_1915,0
A_1969,B_950,0
A_2108,B_1715,0
A_1950,B_2075,0
A_1208,B_275,1
A_2182,B_980,0
A_2350,B_253,0
A_1530,B_833,0
A_1260,B_343,0
A_827,B_1353,0
A_2188,B_1471,0
A_1117,B_1921,0
A_2098,B_1123,0
A_2182,B_141,0
A_141,B_207,0
A_542,B_1217,0
A_1098,B_1881,0
A_1090,B_628,0
A_444,B_1522,0
A_953,B_2019,0
A_470,B_1829,0
A_2206,B_2014,0
A_2160,B_1614,0
A_2520,B_1790,0
A_2272,B_1026,0
A_1797,B_690,1
A_63,B_601,0
A_444,B_179,0
A_973,B_1664,0
A_1672,B_122,0
A_1624,B_518,0
A_2497,B_1317,0
A_373,B_591,0
A_2384,B_1640,0
A_1854,B_992,1
A_1521,B_1398,1
A_644,B_591,1
A_2538,B_2115,0
A_1071,B_1002,0
A_1610,B_964,0
A_1705,B_1189,0
A_1294,B_1134,1
A_2497,B_777,0
A_661,B_835,0
A_22,B_1667,0
A_320,B_933,0
A_198,B_110,0
A_1196,B_1376,0
A_393,B_1194,0
A_2415,B_823,0
A_775,B_2234,0
A_312,B_902,0
A_1843,B_1161,0
A_123,B_1969,0
A_301,B_1270,0
A_1107,B_1318,0
A_869,B_734,1
A_805,B_1899,0
A_1315,B_244,0
A_371,B_1863,1
A_1359,B_1125,0
A_848,B_74,0
A_1694,B_585,0
A_1369,B_2133,0
A_2144,B_2064,0
A_2248,B_1745,0
A_1400,B_811,0
A_287,B_1976,0
A_1397,B_1239,0
A_364,B_1268,1
A_1225,B_1292,0
A_1608,B_1128,0
A_2504,B_1583,0
A_1102,B_1495,0
A_948,B_60,0
A_1578,B_1652,0
A_1439,B_971,0
A_134,B_699,1
A_2058,B_414,0
A_1538,B_1987,0
A_2308,B_365,0
A_814,B_106,0
A_146,B_1088,0
A_1539,B_1235,0
A_1840,B_1234,0
A_2019,B_1750,0
A_2183,B_1205,0
A_631,B_1001,0
A_1127,B_534,0
A_2211,B_343,0
A_175,B_759,0
A_2421,B_1183,0
A_818,B_1519,0
A_2392,B_1912,0
A_2025,B_1242,1
A_747,B_1799,0
A_2558,B_1459,0
A_1598,B_210,0
A_1865,B_2068,0
A_2317,B_2061,1
A_932,B_1992,0
A_1287,B_1951,0
A_2359,B_85,0
A_341,B_87,0
A_1380,B_599,1
A_538,B_1812,0
A_2443,B_1102,0
A_1138,B_1130,0
A_256,B_1462,0
A_834,B_261,0
A_1211,B_1097,0
A_726,B_564,0
A_2409,B_1434,0
A_179,B_85,0
A_2270,B_1961,0
A_988,B_949,1
A_245,B_1317,0
A_2138,B_2111,1
A_384,B_1679,0
A_2313,B_328,0
A_2392,B_585,0
A_2173,B_1901,0
A_231,B_1397,1
A_732,B_994,0
A_1471,B_1630,0
A_5,B_2034,0
A_2179,B_2243,0
A_2415,B_624,0
A_973,B_1317,0
A_931,B_1542,0
A_1355,B_323,0
A_1044,B_1790,0
A_1466,B_171,0
A_916,B_754,0
A_356,B_1207,0
A_1179,B_1562,1
A_1576,B_1915,0
A_1820,B_1653,1
A_2601,B_334,0
A_9,B_262,0
A_688,B_1758,0
A_2311,B_255,0
A_206,B_1490,0
A_823,B_580,0
A_687,B_782,0
A_1623,B_1275,1
A_209,B_1189,0
A_2371,B_343,0
A_2523,B_2261,0
A_1605,B_2240,0
A_427,B_902,1
A_1088,B_873,0
A_1355,B_1846,0
A_1545,B_1888,1
A_2270,B_1785,0
A_2116,B_900,1
A_903,B_441,0
A_628,B_1186,0
A_196,B_268,0
A_287,B_1761,0
A_1546,B_2240,0
A_2147,B_1839,0
A_466,B_849,0
A_1765,B_473,0
A_769,B_348,0
A_922,B_1316,1
A_1257,B_955,0
A_503,B_1339,1
A_1108,B_1052,0
A_994,B_1097,0
A_2487,B_2037,0
A_78,B_1862,0
A_1445,B_792,0
A_2183,B_1419,0
A_2154,B_1162,0
A_2371,B_1686,0
A_658,B_1769,0
A_135,B_1299,0
A_1154,B_1883,0
A_1347,B_1236,0
A_1238,B_731,0
A_2406,B_198,0
A_1943,B_565,0
A_2610,B_767,0
A_2504,B_1775,0
A_2095,B_207,0
A_1658,B_1044,0
A_437,B_1610,0
A_1546,B_1698,0
A_644,B_1159,0
A_100,B_1058,1
A_683,B_1029,0
A_1034,B_1217,0
A_131,B_649,0
A_450,B_589,0
A_676,B_1936,1
A_1555,B_947,0
A_2277,B_695,0
A_69,B_225,0
A_2375,B_1515,0
A_320,B_1195,0
A_1985,B_1976,0
A_501,B_768,0
A_816,B_2155,0
A_1645,B_564,0
A_632,B_200,0
A_933,B_1883,0
A_933,B_694,0
A_1798,B_1506,0
A_2224,B_1872,0
A_2517,B_413,0
A_2402,B_262,0
A_2610,B_562,0
A_525,B_1233,0
A_325,B_1871,0
A_1459,B_1630,0
A_783,B_346,0
A_2074,B_578,0
A_2277,B_195,0
A_2596,B_2126,0
A_1568,B_1587,1
A_1234,B_576,0
A_713,B_26,0
A_2540,B_1317,0
A_1247,B_1458,0
A_1942,B_597,0
A_1848,B_2129,0
A_1540,B_2286,0
A_341,B_262,0
A_1989,B_2128,0
A_1829,B_1179,0
A_746,B_1758,0
A_1517,B_48,0
A_2450,B_1138,0
A_233,B_1924,0
A_510,B_1321,0
A_838,B_588,0
A_2369,B_778,0
A_1706,B_1301,0
A_1798,B_539,0
A_1357,B_1950,0
A_1920,B_1782,0
A_1498,B_379,0
A_371,B_949,0
A_1695,B_21,1
A_231,B_540,0
A_863,B_1951,0
A_162,B_1522,0
A_1986,B_85,0
A_1927,B_1891,0
A_1141,B_149,1
A_273,B_2285,0
A_444,B_1900,0
A_729,B_1159,0
A_2289,B_66,0
A_2488,B_688,0
A_2394,B_1356,0
A_2508,B_668,0
A_143,B_1719,0
A_1533,B_695,0
A_1531,B_940,0
A_2497,B_894,0
A_839,B_1873,0
A_1256,B_1357,1
A_2431,B_1916,0
A_919,B_1613,0
A_2017,B_420,0
A_1836,B_1075,0
A_988,B_1884,0
A_973,B_591,0
A_1018,B_2151,0
A_127,B_2218,0
A_1671,B_228,0
A_1021,B_1872,0
A_1706,B_1046,0
A_968,B_551,0
A_1576,B_1236,0
A_2091,B_93,0
A_653,B_649,0
A_2470,B_533,0
A_82,B_1041,0
A_1196,B_373,0
A_1181,B_70,0
A_515,B_118,0
A_2175,B_720,0
A_286,B_548,0
A_783,B_1447,0
A_2128,B_2016,1
A_1467,B_858,0
A_1546,B_171,0
A_2552,B_2207,0
A_705,B_513,0
A_2540,B_1125,0
A_786,B_720,1
A_215,B_964,0
A_569,B_130,1
A_1229,B_347,0
A_885,B_1579,0
A_2524,B_1542,0
A_237,B_1833,0
A_1883,B_2266,0
A_1577,B_638,0
A_1187,B_1046,0
A_2351,B_1765,0
A_622,B_15,0
A_2266,B_793,0
A_872,B_1781,0
A_1835,B_205,0
A_1798,B_1041,0
A_1296,B_1694,0
A_900,B_810,0
A_1310,B_243,0
A_162,B_1947,0
A_353,B_1548,0
A_1977,B_2245,0
A_1593,B_431,0
A_78,B_1939,0
A_2125,B_879,0
A_695,B_476,0
A_1664,B_1719,0
A_674,B_510,0
A_548,B_865,0
A_510,B_2097,0
A_138,B_111,1
A_545,B_428,0
A_1631,B_104,1
A_1344,B_792,0
A_2402,B_1881,0
A_791,B_1962,0
A_924,B_147,0
A_2149,B_431,0
A_378,B_1976,0
A_2209,B_220,0
A_1329,B_1233,0
A_24,B_447,0
A_69,B_1317,0
A_2341,B_1009,0
A_1347,B_952,1
A_433,B_1772,0
A_1782,B_202,0
A_998,B_2017,0
A_2089,B_934,1
A_1812,B_1353,0
A_1217,B_1340,1
A_921,B_379,0
A_2,B_1084,0
A_2092,B_2054,0
A_341,B_589,0
A_11,B_2240,0
A_599,B_1816,0
A_653,B_650,0
A_2232,B_1868,0
A_209,B_1178,0
A_1741,B_220,0
A_1832,B_372,0
A_2452,B_1511,1
A_1571,B_1962,0
A_794,B_68,1
A_356,B_969,0
A_1940,B_995,0
A_1184,B_25,1
A_992,B_1371,0
A_1248,B_138,0
A_1324,B_793,0
A_1268,B_2227,0
A_1100,B_2153,1
A_385,B_307,0
A_2259,B_67,1
A_1990,B_2,0
A_1559,B_219,0
A_2425,B_1520,0
A_1489,B_1965,0
A_1895,B_262,0
A_2313,B_1471,0
A_1172,B_738,0
A_2497,B_1307,0
A_1770,B_1772,0
A_2178,B_1490,0
A_63,B_1271,0
A_1369,B_512,0
A_1531,B_1719,0
A_690,B_1667,0
A_416,B_343,0
A_2271,B_1785,0
A_1188,B_1787,0
A_1086,B_917,0
A_308,B_297,1
A_661,B_299,0
A_356,B_1052,0
A_765,B_1159,0
A_2209,B_778,0
A_508,B_1675,0
A_2297,B_829,1
A_1496,B_1829,1
A_1041,B_336,0
A_405,B_1889,0
A_1540,B_687,0
A_1977,B_1906,0
A_2369,B_1945,0
A_1384,B_1669,0
A_1307,B_1292,0
A_1552,B_2075,1
A_1693,B_1149,0
A_287,B_1035,0
A_100,B_1035,0
A_1467,B_1392,0
A_1390,B_889,0
A_1118,B_1205,1
A_783,B_1307,0
A_958,B_649,0
A_1118,B_2261,0
A_2138,B_1041,0
A_1674,B_1089,0
A_1753,B_2019,0
A_2462,B_1235,0
A_2495,B_1353,0
A_2224,B_2010,0
A_2559,B_56,0
A_2486,B_171,1
A_539,B_245,0
A_229,B_4,0
A_1043,B_1951,0
A_1398,B_193,0
A_2369,B_685,0
A_2326,B_1511,0
A_171,B_1921,0
A_815,B_493,0
A_2573,B_1847,0
A_2232,B_1205,0
A_1706,B_1699,0
A_69,B_384,0
A_2477,B_1772,0
A_829,B_293,0
A_1842,B_1293,1
A_840,B_691,0
A_1273,B_190,0
A_1504,B_26,0
A_287,B_4,0
A_2254,B_451,0
A_289,B_1048,0
A_1583,B_780,0
A_1360,B_754,0
A_2345,B_2022,0
A_783,B_1317,0
A_1163,B_464,0
A_1261,B_2019,0
A_507,B_932,1
A_118,B_1534,0
A_2563,B_402,0
A_629,B_2177,0
A_78,B_1233,0
A_1304,B_1630,0
A_2296,B_4,0
A_506,B_1378,1
A_2438,B_1602,1
A_1993,B_510,0
A_1489,B_889,0
A_1475,B_82,0
A_1138,B_1777,0
A_1365,B_998,0
A_2208,B_2248,0
A_1195,B_917,0
A_841,B_1517,0
A_519,B_1896,0
A_488,B_2062,1
A_1481,B_1376,0
A_1340,B_1326,0
A_806,B_1647,0
A_470,B_1225,0
A_1016,B_1631,0
A_2192,B_463,0
A_1530,B_306,1
A_2005,B_1519,0
A_645,B_237,0
A_2511,B_2081,0
A_265,B_1661,1
A_2552,B_240,0
A_1278,B_688,0
A_1168,B_1985,0
A_1469,B_1873,0
A_561,B_62,0
A_1950,B_1131,0
A_1764,B_1429,1
A_2570,B_1259,0
A_130,B_763,0
A_1481,B_1898,0
A_705,B_512,0
A_2422,B_98,0
A_179,B_1909,0
A_1039,B_568,1
A_1686,B_2117,0
A_2347,B_1230,0
A_1346,B_1675,0
A_387,B_526,0
A_1061,B_56,0
A_2375,B_1474,0
A_2048,B_944,0
A_2572,B_1661,0
A_1347,B_1276,0
A_2540,B_2197,0
A_1013,B_1722,0
A_538,B_328,0
A_1879,B_535,1
A_973,B_225,0
A_2057,B_1414,0
A_190,B_1884,0
A_2286,B_1359,1
A_1967,B_1542,0
A_1022,B_342,0
A_1020,B_1583,0
A_2252,B_1247,1
A_2318,B_1407,0
A_1907,B_883,0
A_20,B_238,0
A_2232,B_582,0
A_1304,B_1205,0
A_2209,B_1600,0
A_843,B_314,0
A_685,B_1876,0
A_933,B_759,0
A_2443,B_444,0
A_2010,B_2123,0
A_304,B_649,0
A_2108,B_87,0
A_366,B_817,0
A_987,B_1866,0
A_2561,B_262,0
A_267,B_1761,0
A_2188,B_768,1
A_450,B_176,0
A_864,B_1347,0
A_838,B_1622,0
A_946,B_1075,0
A_2503,B_2207,0
A_592,B_1164,0
A_191,B_183,1
A_944,B_1784,0
A_2131,B_1205,0
A_1147,B_819,1
A_2036,B_1921,0
A_1119,B_755,0
A_526,B_1954,0
A_206,B_1472,0
A_2317,B_548,0
A_1428,B_1771,0
A_1878,B_185,0
A_168,B_757,0
A_965,B_1861,1
A_1403,B_567,1
A_507,B_2173,0
A_1729,B_1455,0
A_420,B_1758,0
A_2302,B_346,1
A_1610,B_240,0
A_2588,B_1959,0
A_372,B_113,0
A_2252,B_1399,0
A_526,B_139,0
A_1410,B_1210,0
A_1169,B_1855,0
A_1278,B_243,0
A_2399,B_2117,0
A_309,B_569,0
A_1546,B_1194,0
A_2562,B_1462,0
A_2249,B_984,0
A_2158,B_1518,1
A_1815,B_1787,0
A_667,B_7,0
A_287,B_1650,0
A_1901,B_1521,0
A_485,B_2114,0
A_1538,B_1768,0
A_1675,B_1687,0
A_1010,B_1890,1
A_2354,B_704,0
A_2392,B_4,0
A_1261,B_1522,0
A_973,B_1511,0
A_158,B_293,0
A_2473,B_1896,0
A_1775,B_870,1
A_873,B_448,0
A_1494,B_499,0
A_940,B_1201,1
A_868,B_2029,0
A_833,B_1488,0
A_404,B_1641,0
A_1836,B_17,0
A_2421,B_373,0
A_690,B_2019,0
A_1722,B_1599,0
A_2371,B_1239,0
A_2553,B_1023,0
A_1304,B_2239,0
A_459,B_378,0
A_158,B_314,0
A_1201,B_1872,0
A_1542,B_2047,0
A_1082,B_578,0
A_1542,B_1799,0
A_1753,B_588,0
A_335,B_1863,0
A_183,B_1676,0
A_1020,B_1704,0
A_156,B_2210,0
A_2570,B_1162,0
A_12,B_379,0
A_1553,B_445,0
A_327,B_4,0
A_2440,B_1126,1
A_2123,B_109,0
A_2602,B_1565,0
A_1011,B_407,0
A_970,B_176,0
A_1899,B_512,0
A_2154,B_1441,0
A_2581,B_1794,0
A_2067,B_499,0
A_1745,B_287,0
A_872,B_857,0
A_1116,B_1419,0
A_1651,B_207,0
A_2407,B_93,0
A_90,B_2262,1
A_1556,B_2214,0
A_2283,B_1688,1
A_2232,B_848,0
A_291,B_1758,0
A_1890,B_246,0
A_156,B_655,0
A_1165,B_1911,0
A_1871,B_402,0
A_1799,B_1125,0
A_2183,B_1572,0
A_2091,B_229,0
A_1538,B_949,0
A_1028,B_432,0
A_2147,B_1864,1
A_674,B_1183,0
A_907,B_547,1
A_36,B_879,0
A_1512,B_1282,1
A_36,B_706,0
A_1489,B_1342,0
A_1791,B_506,0
A_690,B_2240,0
A_2086,B_178,0
A_2384,B_413,0
A_953,B_1912,0
A_1576,B_894,0
A_2183,B_1915,0
A_890,B_1065,0
A_1970,B_1080,1
A_18,B_1719,0
A_1292,B_2243,0
A_1412,B_1793,1
A_1914,B_226,0
A_2178,B_1213,0
A_2179,B_791,0
A_2233,B_1475,0
A_2444,B_1224,0
A_787,B_1719,0
A_2266,B_345,0
A_598,B_913,0
A_1496,B_931,0
A_1440,B_1031,1
A_1196,B_956,0
A_316,B_1413,0
A_1501,B_2054,0
A_891,B_20,0
A_1034,B_1371,0
A_2039,B_681,0
A_2595,B_945,0
A_843,B_850,1
A_1639,B_927,0
A_2148,B_547,0
A_1901,B_1146,0
A_1985,B_777,0
A_1475,B_1295,0
A_2033,B_1090,1
A_578,B_1738,0
A_816,B_530,0
A_2008,B_1122,0
A_230,B_192,1
A_525,B_1898,0
A_227,B_686,1
A_332,B_1068,0
A_2470,B_2290,0
A_1689,B_372,0
A_2195,B_1932,1
A_874,B_1654,0
A_1481,B_1038,0
A_843,B_1185,0
A_51,B_2200,1
A_2246,B_1471,0
A_137,B_400,0
A_57,B_565,0
A_49,B_886,0
A_2148,B_927,0
A_440,B_2,0
A_1395,B_1477,0
A_1706,B_232,0
A_1572,B_535,0
A_130,B_756,0
A_644,B_1912,0
A_326,B_294,1
A_292,B_208,0
A_2603,B_460,0
A_319,B_786,0
A_2248,B_1681,0
A_2123,B_1869,0
A_1290,B_1557,0
A_1107,B_1884,0
A_1541,B_255,0
A_640,B_1455,0
A_2402,B_1675,0
A_215,B_1074,0
A_645,B_1130,0
A_1510,B_1471,0
A_957,B_2184,0
A_135,B_1162,0
A_1329,B_1872,1
A_656,B_1751,0
A_815,B_1506,0
A_1817,B_1787,0
A_816,B_516,0
A_1753,B_1560,0
A_2108,B_1560,0
A_2511,B_585,0
A_2522,B_1770,0
A_229,B_1511,0
A_190,B_1743,1
A_367,B_1410,1
A_1512,B_646,0
A_749,B_388,0
A_1369,B_744,0
A_1510,B_1042,0
A_1741,B_1960,0
A_334,B_1333,1
A_2571,B_1114,0
A_2026,B_2006,0
A_2277,B_1023,0
A_2178,B_1873,0
A_1215,B_1771,0
A_1646,B_1787,0
A_977,B_117,0
A_356,B_2269,0
A_1352,B_767,1
A_356,B_1939,0
A_946,B_1393,0
A_776,B_2076,1
A_747,B_1313,0
A_2392,B_1479,0
A_690,B_1881,0
A_2246,B_1771,0
A_976,B_889,0
A_7,B_591,0
A_1010,B_1823,0
A_556,B_711,1
A_1763,B_1499,1
A_1116,B_591,0
A_1850,B_2225,1
A_321,B_1870,0
A_1052,B_1693,0
A_2058,B_1399,1
A_942,B_599,0
A_2308,B_1186,0
A_642,B_452,1
A_2199,B_1794,0
A_633,B_646,0
A_2008,B_304,0
A_1054,B_1174,0
A_373,B_1976,0
A_1287,B_1108,0
A_1993,B_1455,0
A_1507,B_1992,0
A_162,B_1490,0
A_799,B_1445,0
A_2003,B_1915,0
A_1336,B_695,0
A_2464,B_269,1
A_742,B_990,0
A_1557,B_711,0
A_1934,B_1841,0
A_949,B_1719,0
A_16,B_75,0
A_2296,B_400,0
A_2294,B_1850,0
A_471,B_2290,0
A_1261,B_1146,0
A_799,B_1274,0
A_71,B_1057,0
A_799,B_1918,0
A_1989,B_2001,0
A_2183,B_4,0
A_82,B_1800,0
A_1163,B_1758,0
A_1696,B_380,1
A_1542,B_1748,0
A_2019,B_482,0
A_1832,B_501,0
A_2409,B_1814,0
A_1064,B_315,1
A_2244,B_2234,0
A_146,B_1771,0
A_1883,B_715,1
A_2382,B_1078,1
A_523,B_342,0
A_1361,B_1279,0
A_2358,B_497,0
A_270,B_1601,0
A_829,B_809,0
A_946,B_670,0
A_402,B_2144,0
A_847,B_49,0
A_947,B_2236,0
A_1771,B_1998,0
A_1428,B_1828,0
A_2046,B_1663,0
A_103,B_473,0
A_640,B_1030,0
A_1715,B_959,1
A_1060,B_968,0
A_37,B_775,0
A_1751,B_1663,0
A_1415,B_1600,0
A_420,B_1067,0
A_2318,B_301,0
A_764,B_237,1
A_1934,B_1162,0
A_2095,B_1962,1
A_1308,B_1649,0
A_2336,B_2267,0
A_1763,B_1664,0
A_26,B_372,0
A_1268,B_1521,0
A_141,B_1195,0
A_1117,B_1191,0
A_1645,B_334,0
A_2175,B_1967,0
A_1651,B_782,0
A_78,B_1872,0
A_748,B_622,0
A_727,B_1954,0
A_393,B_152,0
A_158,B_1427,0
A_179,B_1416,0
A_1308,B_2075,0
A_1,B_1250,0
A_994,B_279,0
A_2148,B_650,0
A_1050,B_879,0
A_1108,B_2240,0
A_2546,B_1906,0
A_1738,B_1527,0
A_2221,B_1965,1
A_612,B_104,0
A_490,B_927,0
A_1143,B_2146,1
A_2302,B_1945,0
A_2566,B_1613,0
A_545,B_1600,0
A_1304,B_582,0
A_1135,B_906,1
A_1020,B_899,0
A_287,B_1182,0
A_1770,B_2152,0
A_2166,B_1846,0
A_1276,B_1906,0
A_731,B_220,0
A_372,B_320,0
A_490,B_924,0
A_895,B_306,0
A_668,B_590,0
A_2508,B_599,0
A_1673,B_1075,0
A_833,B_2001,0
A_1316,B_462,0
A_132,B_1660,1
A_2496,B_342,0
A_783,B_225,0
A_542,B_1182,0
A_932,B_476,0
A_955,B_418,0
A_57,B_229,0
A_537,B_1349,1
A_2494,B_1254,0
A_1327,B_540,1
A_2162,B_304,0
A_2224,B_1233,0
A_1986,B_1896,0
A_2220,B_26,0
A_986,B_1151,0
A_653,B_927,0
A_2022,B_2104,0
A_1646,B_87,0
A_12,B_373,0
A_1671,B_1704,0
A_1098,B_1463,0
A_341,B_581,0
A_78,B_578,0
A_1291,B_1047,0
A_718,B_783,0
A_1406,B_1613,0
A_1624,B_488,0
A_1643,B_859,0
A_732,B_995,1
A_2346,B_1408,0
A_2091,B_1605,0
A_620,B_339,0
A_1885,B_1199,0
A_1769,B_1693,0
A_1553,B_1410,0
A_2494,B_658,0
A_1717,B_110,1
A_597,B_1146,1
A_1403,B_344,0
A_2281,B_955,0
A_574,B_514,1
A_2359,B_501,0
A_272,B_314,0
A_1644,B_345,0
A_1043,B_1108,0
A_633,B_2061,0
A_2498,B_1543,0
A_973,B_576,0
A_1860,B_318,0
A_786,B_722,0
A_1092,B_462,0
A_633,B_647,1
A_863,B_2009,0
A_738,B_1640,0
A_2020,B_391,0
A_577,B_1044,0
A_36,B_2107,0
A_24,B_2146,0
A_2575,B_1939,0
A_43,B_672,1
A_2373,B_1389,1
A_2392,B_591,0
A_1471,B_1179,0
A_2150,B_676,0
A_1215,B_1812,0
A_2402,B_2019,0
A_1050,B_569,0
A_1385,B_1749,0
A_734,B_1774,0
A_778,B_1799,0
A_604,B_422,0
A_2252,B_99,0
A_2494,B_346,0
A_225,B_1659,0
A_2523,B_1040,0
A_2486,B_2010,0
A_1414,B_58,0
A_2261,B_1989,0
A_378,B_218,0
A_2595,B_1981,0
A_2175,B_1345,0
A_2305,B_1279,1
A_10,B_2289,1
A_1489,B_2191,0
A_1566,B_372,0
A_137,B_1455,0
A_834,B_2188,0
A_1906,B_1395,1
A_644,B_218,0
A_9,B_2110,0
A_2474,B_1566,0
A_797,B_588,0
A_1103,B_238,0
A_1011,B_1846,0
A_768,B_1958,0
A_1175,B_355,0
A_743,B_51,0
A_833,B_950,0
A_952,B_585,0
A_1385,B_825,0
A_378,B_1761,0
A_917,B_1922,0
A_2296,B_1872,0
A_630,B_1026,0
A_1583,B_1870,0
A_1361,B_1038,0
A_977,B_1123,0
A_1854,B_2104,0
A_385,B_1164,0
A_20,B_1848,0
A_2389,B_150,0
A_1685,B_1675,0
A_1418,B_1720,1
A_303,B_1137,0
A_218,B_1036,1
A_667,B_1604,0
A_2452,B_580,0
A_1631,B_201,0
A_1564,B_2019,0
A_1774,B_891,1
A_1744,B_308,0
A_55,B_1712,0
A_910,B_1116,0
A_1069,B_664,0
A_2304,B_123,1
A_1377,B_458,0
A_2422,B_1147,0
A_656,B_1912,0
A_1080,B_229,0
A_610,B_221,0
A_926,B_410,0
A_972,B_379,0
A_1624,B_1898,0
A_135,B_863,0
A_1459,B_346,0
A_1986,B_1601,0
A_1469,B_655,0
A_343,B_473,0
A_1015,B_913,0
A_1475,B_1416,1
A_1477,B_558,0
A_2410,B_1550,0
A_833,B_177,0
A_32,B_314,0
A_1669,B_580,0
A_1425,B_481,0
A_2583,B_744,1
A_770,B_1745,0
A_2224,B_1667,0
A_2035,B_1737,1
A_1940,B_886,0
A_671,B_1216,0
A_1682,B_173,0
A_337,B_732,1
A_1743,B_50,1
A_1259,B_1640,0
A_1564,B_358,0
A_1395,B_976,0
A_2118,B_1186,0
A_1729,B_1703,0
A_1353,B_1600,0
A_1444,B_1526,0
A_2358,B_1462,0
A_1279,B_1884,0
A_2248,B_304,0
A_306,B_1758,0
A_658,B_638,0
A_1951,B_1521,0
A_2526,B_1439,1
A_2012,B_375,0
A_11,B_1866,0
A_1560,B_2003,0
A_507,B_2040,0
A_1103,B_912,0
A_1499,B_1601,0
A_1087,B_166,0
A_135,B_1297,0
A_2508,B_619,0
A_1261,B_1854,0
A_320,B_276,0
A_316,B_706,0
A_1217,B_400,0
A_1079,B_1958,0
A_2359,B_1896,0
A_444,B_1146,0
A_2092,B_2040,0
A_158,B_1836,0
A_1859,B_807,1
A_2005,B_1990,0
A_312,B_1649,0
A_2457,B_1808,0
A_2613,B_445,0
A_2470,B_1178,0
A_1400,B_1915,0
A_1361,B_902,0
A_911,B_1709,1
A_476,B_1650,0
A_2546,B_82,0
A_2145,B_935,1
A_385,B_204,0
A_1941,B_1773,0
A_2296,B_1194,0
A_715,B_2109,0
A_472,B_649,0
A_3,B_777,0
A_2578,B_1620,0
A_425,B_1187,0
A_2371,B_533,0
A_1912,B_1866,0
A_147,B_1159,0
A_897,B_2250,0
A_256,B_1612,0
A_39,B_1999,0
A_2518,B_1650,0
A_332,B_1643,0
A_252,B_971,1
A_2296,B_77,0
A_2108,B_1850,0
A_2296,B_576,0
A_470,B_1873,0
A_1381,B_923,1
A_737,B_173,0
A_957,B_342,0
A_843,B_1427,0
A_1643,B_1388,1
A_808,B_2290,0
A_2195,B_1155,0
A_1857,B_1855,0
A_1766,B_1164,0
A_416,B_917,0
A_1074,B_846,0
A_1801,B_1270,0
A_2387,B_191,0
A_245,B_1976,0
A_934,B_551,0
A_365,B_1945,0
A_2118,B_1144,1
A_1468,B_1234,0
A_1704,B_2128,0
A_1459,B_2276,0
A_773,B_2291,0
A_715,B_316,0
A_146,B_1471,0
A_1782,B_470,0
A_1816,B_1972,0
A_2470,B_343,1
A_1119,B_998,0
A_889,B_220,0
A_679,B_1655,0
A_1950,B_441,0
A_9,B_1885,0
A_156,B_1601,0
A_542,B_591,0
A_398,B_1866,0
A_1075,B_1299,0
A_1129,B_77,0
A_2131,B_1419,0
A_809,B_137,0
A_609,B_1600,0
A_1411,B_2191,0
A_46,B_592,1
A_561,B_1649,0
A_482,B_2114,1
A_1293,B_852,0
A_2013,B_1506,0
A_440,B_1998,0
A_1138,B_964,0
A_1542,B_1912,1
A_105,B_2078,0
A_1093,B_342,0
A_744,B_1768,0
A_1398,B_1996,1
A_1452,B_513,0
A_2224,B_1898,0
A_2108,B_1884,0
A_2495,B_1217,0
A_1055,B_1981,0
A_1450,B_1898,0
A_1119,B_589,0
A_289,B_488,0
A_1548,B_2024,0
A_306,B_1123,0
A_1290,B_780,0
A_341,B_1854,0
A_1689,B_1600,0
A_2603,B_1795,0
A_1771,B_1026,0
A_1982,B_1389,0
A_1299,B_2057,1
A_1215,B_1791,0
A_2246,B_328,0
A_1524,B_342,0
A_2209,B_1512,0
A_563,B_1374,0
A_699,B_2111,0
A_489,B_1928,1
A_731,B_809,0
A_944,B_430,0
A_1507,B_986,0
A_1001,B_139,0
A_2302,B_2239,0
A_26,B_1114,0
A_414,B_1567,1
A_593,B_802,0
A_1538,B_220,0
A_1138,B_1924,0
A_1359,B_1787,0
A_1981,B_53,0
A_1033,B_919,1
A_1753,B_1511,0
A_2546,B_1075,0
A_2073,B_2284,1
A_2232,B_2239,0
A_38,B_2090,1
A_1704,B_663,0
A_931,B_516,0
A_1304,B_1983,0
A_1844,B_605,1
A_973,B_1419,0
A_575,B_551,0
A_1080,B_323,0
A_2470,B_534,0
A_405,B_596,0
A_592,B_1878,1
A_2296,B_1340,0
A_1718,B_1617,0
A_818,B_1812,0
A_2520,B_1128,0
A_1910,B_771,0
A_2589,B_1640,0
A_1481,B_1577,0
A_1799,B_1205,0
A_1004,B_917,0
A_1471,B_1761,0
A_1241,B_1909,0
A_900,B_1131,1
A_245,B_346,0
A_815,B_307,0
A_2430,B_451,0
A_690,B_1715,0
A_2603,B_378,0
A_773,B_863,0
A_2477,B_1689,0
A_2583,B_904,1
A_674,B_1030,0
A_2333,B_704,0
A_2410,B_797,0
A_1610,B_1649,0
A_1631,B_139,0
A_1799,B_894,0
A_1,B_1093,1
A_1274,B_108,0
A_1251,B_1340,0
A_1533,B_860,0
A_968,B_546,0
A_425,B_477,0
A_1385,B_1521,0
A_1685,B_822,0
A_1980,B_1749,1
A_290,B_468,0
A_368,B_1451,0
A_525,B_2010,0
A_2231,B_688,0
A_23,B_1169,0
A_45,B_719,0
A_1118,B_218,0
A_229,B_225,0
A_539,B_1345,0
A_808,B_1239,0
A_30,B_18,0
A_1643,B_1375,0
A_1025,B_1288,0
A_988,B_220,0
A_427,B_135,0
A_1038,B_1568,0
A_1540,B_1408,1
A_0,B_117,1
A_2411,B_1436,0
A_385,B_1718,0
A_823,B_576,0
A_419,B_957,0
A_1799,B_1761,0
A_2231,B_62,0
A_1812,B_1401,0
A_851,B_54,0
A_1400,B_1715,0
A_1385,B_855,0
A_2136,B_1356,0
A_1676,B_245,0
A_1365,B_1459,0
A_2013,B_493,0
A_960,B_1098,1
A_2281,B_2175,0
A_931,B_2064,0
A_2325,B_342,0
A_2392,B_1761,0
A_921,B_1831,0
A_1154,B_444,0
A_668,B_1933,0
A_158,B_1837,0
A_1037,B_1466,0
A_2234,B_2168,1
A_1533,B_1965,0
A_368,B_2175,0
A_214,B_917,0
A_2067,B_459,0
A_175,B_256,0
A_987,B_262,0
A_2530,B_1761,0
A_958,B_547,0
A_818,B_215,0
A_1448,B_688,0
A_229,B_580,0
A_1910,B_1768,0
A_1045,B_131,0
A_1624,B_1055,0
A_885,B_1150,0
A_2530,B_1706,0
A_728,B_44,1
A_491,B_1996,0
A_2432,B_805,1
A_2296,B_990,0
A_1967,B_368,0
A_162,B_171,0
A_1098,B_811,0
A_1958,B_283,0
A_844,B_1185,0
A_972,B_998,0
A_2488,B_855,0
A_1123,B_1949,0
A_393,B_1866,0
A_1598,B_810,0
A_1316,B_989,1
A_1126,B_1455,0
A_2005,B_1382,0
A_973,B_1939,0
A_1295,B_1206,0
A_9,B_1630,0
A_973,B_1307,0
A_2056,B_2209,1
A_2404,B_1675,0
A_1664,B_759,0
A_837,B_1584,1
A_167,B_1670,1
A_734,B_465,0
A_2583,B_599,0
A_548,B_3,0
A_1139,B_1772,0
A_1051,B_1223,0
A_713,B_199,0
A_1836,B_670,0
A_2296,B_0,0
A_1914,B_547,0
A_57,B_323,0
A_171,B_964,0
A_2488,B_1754,0
A_690,B_1350,0
A_1788,B_685,0
A_2540,B_1486,0
A_1496,B_998,0
A_1061,B_278,0
A_1406,B_1825,0
A_58,B_147,0
A_2517,B_1640,0
A_1085,B_892,1
A_1099,B_1937,0
A_1174,B_442,0
A_2081,B_1534,0
A_2562,B_963,0
A_829,B_949,0
A_1481,B_1872,0
A_2374,B_234,0
A_822,B_1,0
A_2141,B_1095,0
A_1170,B_2195,0
A_812,B_1504,0
A_1576,B_589,0
A_11,B_1758,0
A_515,B_1075,1
A_288,B_1065,0
A_219,B_917,0
A_420,B_1194,0
A_964,B_1594,0
A_799,B_1067,0
A_1467,B_1084,1
A_1021,B_1534,1
A_778,B_1754,0
A_2090,B_289,1
A_158,B_1044,1
A_1365,B_1225,0
A_2088,B_1182,0
A_2131,B_1915,0
A_397,B_1564,0
A_2313,B_778,0
A_2200,B_946,1
A_1986,B_654,0
A_2267,B_955,0
A_1481,B_1885,0
A_447,B_342,0
A_2421,B_2,0
A_2488,B_48,1
A_2404,B_506,0
A_1489,B_2063,0
A_2267,B_1395,0
A_692,B_225,0
A_36,B_894,0
A_953,B_1413,0
A_808,B_2101,0
A_155,B_659,1
A_857,B_1031,0
A_246,B_1497,1
A_119,B_220,0
A_328,B_49,0
A_130,B_595,0
A_1339,B_569,0
A_2037,B_759,0
A_678,B_1629,1
A_1531,B_1266,0
A_1199,B_359,1
A_1599,B_1248,0
A_459,B_1459,1
A_557,B_2073,0
A_866,B_2234,0
A_1118,B_1787,0
A_829,B_586,0
A_2562,B_497,0
A_1116,B_1534,0
A_2486,B_1233,0
A_206,B_400,0
A_1478,B_1457,1
A_2119,B_1032,0
A_18,B_2201,0
A_2119,B_1912,0
A_2131,B_591,0
A_1567,B_2044,0
A_1664,B_2211,0
A_476,B_346,0
A_1336,B_1879,0
A_1940,B_579,0
A_2393,B_2245,0
A_1020,B_320,0
A_932,B_287,0
A_144,B_1527,0
A_792,B_1222,0
A_1739,B_1235,0
A_269,B_1708,0
A_61,B_1782,0
A_2508,B_512,0
A_1024,B_1938,0
A_734,B_1601,0
A_2364,B_949,0
A_1169,B_1442,0
A_501,B_2207,0
A_924,B_1863,0
A_1663,B_2097,0
A_2272,B_1542,0
A_2292,B_1131,0
A_2418,B_1240,1
A_245,B_1526,0
A_2434,B_1721,0
A_2369,B_1827,0
A_595,B_535,0
A_183,B_581,0
A_1895,B_1350,0
A_665,B_2264,1
A_2162,B_1600,0
A_1650,B_300,0
A_973,B_1675,0
A_1885,B_1863,0
A_2500,B_1091,0
A_2464,B_490,0
A_603,B_2072,0
A_369,B_1693,0
A_963,B_1669,0
A_671,B_2184,0
A_1841,B_1233,0
A_2125,B_2107,0
A_758,B_137,1
A_783,B_591,0
A_1902,B_2231,1
A_504,B_871,1
A_2479,B_1285,0
A_2048,B_177,0
A_2381,B_778,0
A_2149,B_2104,0
A_1889,B_996,1
A_1564,B_2113,0
A_2273,B_1981,0
A_2328,B_1303,0
A_1015,B_480,0
A_1128,B_344,0
A_2613,B_1088,0
A_2217,B_1628,1
A_1576,B_1912,0
A_644,B_2259,0
A_7,B_1885,0
A_2450,B_1401,0
A_1383,B_394,0
A_450,B_458,0
A_470,B_372,0
A_954,B_884,1
A_1985,B_1463,0
A_2493,B_787,1
A_448,B_1873,0
A_2290,B_229,0
A_2128,B_207,0
A_1491,B_1912,0
A_2305,B_407,0
A_1788,B_2173,0
A_918,B_434,0
A_2162,B_372,0
A_2178,B_378,0
A_496,B_1837,0
A_698,B_1745,1
A_2129,B_1511,0
A_2554,B_1121,1
A_667,B_1583,0
A_1997,B_1066,1
A_1369,B_2202,0
A_1848,B_2124,0
A_440,B_1489,0
A_959,B_1306,0
A_2503,B_328,0
A_343,B_1001,0
A_1188,B_2024,1
A_2452,B_839,0
A_718,B_2106,0
A_1283,B_1046,0
A_1531,B_104,0
A_843,B_1837,0
A_1480,B_1992,0
A_1034,B_1287,0
A_919,B_1929,0
A_1717,B_1802,0
A_1428,B_1108,0
A_1713,B_270,0
A_744,B_1127,0
A_2270,B_2155,0
A_2188,B_828,0
A_1932,B_761,1
A_1815,B_848,1
A_538,B_1471,0
A_462,B_307,0
A_2091,B_899,0
A_2503,B_1519,0
A_448,B_1896,0
A_1201,B_1898,0
A_2517,B_1867,0
A_420,B_1862,0
A_1276,B_544,0
A_1341,B_2199,1
A_2313,B_1002,0
A_211,B_1187,0
A_21,B_441,0
A_462,B_317,0
A_314,B_903,0
A_283,B_952,0
A_1058,B_43,1
A_1139,B_1604,0
A_753,B_1229,1
A_1807,B_1453,0
A_1393,B_1956,0
A_1099,B_1666,0
A_2477,B_7,0
A_2119,B_1915,0
A_1268,B_1,0
A_2291,B_1249,0
A_815,B_1145,1
A_7,B_1179,1
A_120,B_1521,0
A_2,B_539,0
A_393,B_1284,0
A_394,B_873,0
A_1187,B_569,0
A_1963,B_901,1
A_742,B_1758,0
A_485,B_148,0
A_2408,B_1007,1
A_2570,B_971,0
A_497,B_2017,0
A_1010,B_1904,0
A_234,B_1951,0
A_1117,B_1274,0
A_1252,B_1857,1
A_1321,B_1862,0
A_2118,B_1991,0
A_564,B_897,1
A_808,B_1272,0
A_808,B_1216,0
A_1664,B_1442,0
A_1979,B_1898,0
A_159,B_462,0
A_1304,B_1915,0
A_907,B_334,0
A_1752,B_1050,0
A_2464,B_1399,0
A_2542,B_1212,0
A_501,B_1802,0
A_710,B_1762,0
A_2473,B_480,0
A_2536,B_1847,0
A_744,B_1462,0
A_2302,B_1976,0
A_1228,B_1401,0
A_1788,B_777,0
A_1857,B_1878,0
A_341,B_1884,0
A_449,B_1112,0
A_2008,B_346,0
A_159,B_989,0
A_731,B_1979,0
A_1418,B_1587,0
A_706,B_2174,0
A_1788,B_932,0
A_2263,B_1140,1
A_2070,B_1773,0
A_427,B_1699,0
A_1501,B_1374,0
A_1126,B_1144,0
A_1169,B_782,0
A_1975,B_1506,0
A_1496,B_372,0
A_623,B_2192,0
A_2386,B_1548,0
A_1105,B_1900,1
A_1788,B_1912,0
A_921,B_246,0
A_2359,B_544,0
A_2238,B_1502,1
A_2173,B_1889,0
A_1887,B_548,0
A_132,B_1016,0
A_1517,B_1748,0
A_2508,B_745,0
A_2162,B_1829,0
A_630,B_1130,0
A_94,B_212,0
A_692,B_2243,0
A_2296,B_1667,0
A_290,B_295,0
A_2495,B_1958,0
A_577,B_698,0
A_2292,B_810,0
A_609,B_1250,0
A_1365,B_2210,0
A_1170,B_414,0
A_2302,B_225,0
A_2302,B_1609,0
A_744,B_98,0
A_314,B_1274,1
A_1752,B_1376,0
A_386,B_2124,0
A_598,B_2210,0
A_392,B_462,0
A_1945,B_59,0
A_2446,B_1301,0
A_2098,B_590,0
A_735,B_1843,0
A_1542,B_1408,0
A_1347,B_1962,0
A_1496,B_1656,0
A_198,B_1787,0
A_879,B_883,0
A_2201,B_974,0
A_2219,B_1162,0
A_435,B_840,1
A_2595,B_964,0
A_2098,B_1667,0
A_35,B_1055,0
A_386,B_619,0
A_1481,B_1697,0
A_2224,B_990,0
A_317,B_1032,0
A_22,B_2027,0
A_2132,B_258,0
A_2006,B_89,0
A_349,B_2241,0
A_1849,B_1232,0
A_2533,B_655,0
A_1664,B_1883,0
A_2161,B_879,0
A_1768,B_2261,0
A_1835,B_259,0
A_105,B_2037,1
A_1050,B_1650,0
A_1977,B_1904,0
A_785,B_1329,1
A_751,B_236,0
A_1102,B_1494,0
A_1572,B_303,0
A_2497,B_1419,0
A_333,B_1751,0
A_2185,B_1055,0
A_1808,B_220,0
A_2206,B_722,0
A_1233,B_680,0
A_1321,B_782,0
A_1283,B_1650,0
A_1885,B_775,0
A_341,B_2075,0
A_2214,B_1553,0
A_2570,B_1138,0
A_372,B_1604,0
A_2154,B_1521,0
A_1821,B_1345,1
A_1706,B_902,0
A_1451,B_761,1
A_627,B_1785,0
A_437,B_1473,0
A_561,B_1992,1
A_1015,B_1702,0
A_515,B_259,0
A_1111,B_1518,0
A_1629,B_1405,0
A_1870,B_1048,0
A_1989,B_2024,0
A_549,B_1331,0
A_142,B_189,1
A_787,B_2247,0
A_2444,B_459,0
A_1834,B_206,0
A_1325,B_1702,1
A_2007,B_310,0
A_2503,B_1789,1
A_2402,B_171,0
A_806,B_1027,1
A_1243,B_881,0
A_1950,B_1026,0
A_2121,B_1119,0
A_1274,B_1777,0
A_384,B_755,0
A_1582,B_1432,0
A_1954,B_1323,1
A_1891,B_54,1
A_692,B_1142,0
A_2482,B_387,0
A_2096,B_2218,0
A_1905,B_917,0
A_385,B_207,0
A_1926,B_1392,0
A_2192,B_1422,1
A_838,B_1565,0
A_1854,B_1197,0
A_1788,B_1179,0
A_1771,B_2083,0
A_1428,B_1795,0
A_695,B_1761,0
A_209,B_2290,0
A_1559,B_1722,0
A_579,B_1150,0
A_2154,B_173,0
A_1015,B_1763,0
A_285,B_1889,0
A_2571,B_1161,1
A_58,B_1318,0
A_949,B_274,0
A_1365,B_1884,0
A_1020,B_914,0
A_1329,B_1445,0
A_2518,B_176,0
A_8,B_382,0
A_2451,B_858,0
A_808,B_2234,0
A_639,B_1479,0
A_375,B_1635,1
A_925,B_1161,0
A_123,B_1957,0
A_2009,B_1718,0
A_1901,B_1674,0
A_2452,B_373,0
A_183,B_580,1
A_1829,B_894,0
A_718,B_199,0
A_78,B_1444,0
A_240,B_1772,0
A_420,B_2250,0
A_1481,B_152,0
A_652,B_1840,0
A_264,B_315,0
A_420,B_2240,0
A_1106,B_1802,0
A_1272,B_1947,0
A_1946,B_2145,0
A_1159,B_476,0
A_839,B_372,0
A_2386,B_1409,0
A_19,B_497,0
A_1921,B_51,0
A_2192,B_1161,0
A_17,B_1808,1
A_2097,B_1599,0
A_1810,B_1069,1
A_1278,B_952,0
A_2587,B_440,0
A_2001,B_2003,0
A_1029,B_255,0
A_1434,B_847,0
A_11,B_1667,0
A_1415,B_589,0
A_1852,B_2014,0
A_1106,B_1586,0
A_2488,B_476,0
A_314,B_990,0
A_977,B_2245,0
A_1112,B_1138,0
A_1013,B_76,1
A_1619,B_113,0
A_32,B_944,1
A_1718,B_1868,0
A_1874,B_1097,0
A_1572,B_1185,0
A_1304,B_2261,0
A_2277,B_1342,0
A_88,B_652,1
A_1444,B_97,0
A_2108,B_2253,0
A_2132,B_1128,1
A_141,B_782,0
A_748,B_620,0
A_927,B_1898,0
A_382,B_2058,0
A_1610,B_780,0
A_2001,B_786,1
A_2119,B_1787,0
A_942,B_669,0
A_2058,B_709,0
A_1467,B_539,1
A_2546,B_451,0
A_2131,B_1122,0
A_1933,B_990,0
A_2308,B_2063,0
A_1883,B_1219,0
A_718,B_365,0
A_909,B_1161,0
A_2507,B_621,1
A_2058,B_99,0
A_1892,B_207,0
A_1742,B_309,0
A_2081,B_2259,0
A_1400,B_706,0
A_1771,B_2107,0
A_1050,B_1046,0
